mut_index	snv_assignment	cna_state_0	cna_assignment0	cna_state_1	cna_assignment1
10:7776914-7776914_G>C	0	(2, 1)	6
11:10791776-10791776_A>C	4	(1, 0)	1
11:20515483-20515483_G>C	3	(1, 0)	22
11:212651-212651_G>T	1	(1, 0)	1
11:406229-406229_C>T	18	(1, 0)	4
11:4976747-4976747_G>A	18	(1, 0)	4
11:5221406-5221406_A>T	1	(1, 0)	1
11:6477707-6477707_G>A	0	(1, 0)	1
11:64884350-64884350_G>C	0	(2, 1)	0
11:65307616-65307616_C>T	0	(2, 1)	0
11:67925252-67925252_G>T	1	(2, 1)	0
11:70031751-70031751_G>T	0	(2, 1)	1
11:8122088-8122088_G>A	2	(1, 0)	1
11:8737316-8737316_T>A	10	(1, 0)	22
11:9225447-9225447_G>C	25	(1, 0)	1
12:124856677-124856677_T>C	3	(2, 1)	0
12:125451732-125451732_C>T	0	(2, 1)	0
12:130929776-130929776_G>A	6	(2, 1)	0
14:100589934-100589934_G>C	1	(1, 0)	1
14:103396822-103396822_G>A	0	(1, 0)	1
14:75376785-75376785_G>C	1	(1, 0)	1
14:77808251-77808251_G>A	18	(1, 0)	4
14:77861101-77861101_G>A	0	(1, 0)	1
16:55522481-55522481_G>A	0	(2, 1)	1
16:67270936-67270936_C>T	0	(1, 0)	1
16:67271002-67271002_C>G	0	(1, 0)	1
16:70597951-70597951_G>C	14	(1, 0)	1
16:71663281-71663281_C>T	10	(1, 0)	1
16:74451970-74451970_G>C	0	(1, 0)	1
16:74951860-74951860_C>G	1	(1, 0)	1
16:88947822-88947822_C>T	1	(1, 0)	1
16:89350644-89350644_G>C	0	(1, 0)	2
17:10432023-10432023_G>T	21	(1, 0)	1
17:1629076-1629076_C>T	23	(1, 0)	1
17:16470949-16470949_C>G	1	(1, 0)	1
17:17030123-17030123_G>C	1	(1, 0)	1
17:1800429-1800429_G>A	3	(1, 0)	22
17:18025427-18025427_G>A	9	(1, 0)	1
17:260200-260200_C>G	0	(1, 0)	1
17:38140694-38140694_C>G	0	(2, 1)	1
17:38504676-38504676_C>G	17	(1, 0)	1
17:38508282-38508282_A>-	1	(1, 0)	1
17:42981462-42981462_G>C	1	(1, 0)	1
17:45473259-45473259_G>C	0	(1, 0)	1
17:4725176-4725176_G>A	6	(1, 0)	1
17:53037986-53037986_G>C	0	(2, 1)	1
17:57274961-57274961_A>G	7	(2, 1)	1
17:57274962-57274962_G>T	7	(2, 1)	1
17:57274963-57274963_A>T	28	(2, 1)	1
17:61710062-61710062_C>G	0	(2, 1)	1
17:61895745-61895745_G>C	0	(2, 1)	1
17:61908260-61908260_C>T	0	(2, 1)	1
17:62892442-62892442_G>C	0	(1, 0)	1
17:7132546-7132546_G>A	10	(1, 0)	22
17:74473789-74473789_C>A	6	(1, 0)	1
17:7579359-7579359_G>-	0	(1, 0)	12
17:78320993-78320993_T>C	3	(2, 1)	1
17:78327456-78327456_G>A	0	(2, 1)	1
18:43519677-43519677_C>G	22	(1, 0)	0
18:46385792-46385792_G>C	18	(1, 0)	4
18:51898956-51898956_G>C	0	(1, 0)	0
18:56171372-56171372_G>T	22	(1, 0)	0
18:61234187-61234187_C>G	0	(1, 0)	0
18:670777-670777_G>C	2	(2, 1)	1	(5, 1)	10
19:50155362-50155367_CCGCTC>-	1	(2, 1)	0
19:50314685-50314685_C>T	14	(2, 1)	0
19:51170080-51170080_C>A	14	(2, 1)	0
19:53573338-53573338_C>G	0	(2, 1)	0
19:55451145-55451145_C>G	1	(2, 1)	6
19:56701539-56701539_G>T	3	(2, 1)	0
19:58319942-58319942_G>T	0	(2, 1)	0
19:58640443-58640443_C>G	0	(2, 1)	0
1:109525266-109525266_C>G	1	(2, 1)	6
1:12887222-12887227_TGCTCT>-	0	(1, 0)	12
1:12887253-12887253_T>C	1	(1, 0)	0
1:12921365-12921365_A>C	0	(1, 0)	1
1:12921382-12921382_T>G	0	(1, 0)	1
1:12941688-12941688_C>T	0	(1, 0)	1
1:13036736-13036736_T>A	0	(1, 0)	1
1:1309222-1309222_C>T	18	(1, 0)	4
1:148005458-148005458_C>T	1	(2, 1)	0
1:1684347-1684347_->CCT	1	(1, 0)	0
1:240555834-240555834_G>A	10	(0, 0)	22
1:878288-878288_G>T	0	(1, 0)	1
20:56284569-56284569_A>T	15	(0, 0)	10
2:18741486-18741486_G>T	23	(0, 0)	10
3:132175528-132175528_G>C	21	(2, 1)	10
3:134094068-134094068_C>G	0	(2, 1)	10
3:142234344-142234344_G>C	0	(2, 1)	21
3:151094882-151094882_C>T	0	(2, 1)	10
3:151095915-151095915_T>G	21	(2, 1)	10
3:172080633-172080633_G>C	0	(2, 1)	10
3:178952085-178952085_A>T	0	(2, 1)	10
3:183493744-183493746_GGA>-	1	(2, 1)	0
3:39226412-39226412_G>A	1	(1, 0)	1
3:44938204-44938204_G>C	6	(1, 0)	1
3:48336249-48336249_C>G	21	(1, 0)	1
4:167810380-167810380_G>A	0	(1, 0)	1	(0, 0)	20
4:187539239-187539239_G>C	0	(1, 0)	1
4:26641796-26641796_A>G	21	(1, 0)	1
4:76911940-76911940_G>C	1	(1, 0)	1
4:77691923-77691923_G>T	23	(1, 0)	1
4:79831802-79831802_C>G	1	(1, 0)	1
4:79832090-79832090_G>A	12	(1, 0)	1
4:83294767-83294767_G>T	0	(1, 0)	1
4:89575261-89575261_G>A	0	(1, 0)	1
6:107040138-107040138_C>T	18	(6, 0)	4
6:109764806-109764806_G>A	18	(4, 1)	0	(3, 1)	4
6:112430666-112430666_T>G	5	(6, 0)	1
6:112528313-112528313_C>T	0	(5, 1)	1	(6, 0)	20
6:127476481-127476481_G>A	8	(5, 1)	1	(2, 0)	10
6:135300316-135300316_T>C	18	(2, 1)	1
6:147648306-147648306_C>A	6	(2, 1)	1
6:151243401-151243401_C>T	12	(1, 0)	1
6:151936707-151936707_G>A	18	(1, 0)	4
6:152419920-152419920_T>A	0	(1, 0)	1
6:160679543-160679543_C>T	18	(1, 0)	4
8:6914108-6914108_C>G	6	(0, 0)	10
9:114467606-114467606_C>T	18	(1, 0)	4
9:123550371-123550371_A>C	5	(3, 1)	1	(4, 1)	10
9:130504185-130504185_G>A	3	(4, 1)	0	(3, 1)	22
9:131783492-131783492_C>T	0	(2, 1)	1
9:131811662-131811662_G>A	0	(2, 1)	1
9:131811718-131811718_G>T	0	(2, 1)	1
9:131812120-131812120_G>A	0	(2, 1)	1
9:131812123-131812123_G>A	0	(2, 1)	1
9:131812228-131812228_G>C	0	(2, 1)	1
9:131831393-131831393_G>C	0	(2, 1)	1
9:131832134-131832134_G>A	0	(2, 1)	1
9:133768839-133768839_G>T	0	(2, 1)	1
9:134350562-134350562_G>A	1	(2, 1)	0
9:134351342-134351342_G>A	1	(2, 1)	0
9:135944513-135944513_G>A	0	(2, 1)	1
9:138379496-138379496_G>A	0	(2, 1)	1
9:139101011-139101011_C>T	21	(2, 1)	1
9:139656282-139656282_C>G	0	(2, 1)	1
9:139905698-139905698_C>A	12	(2, 1)	1
9:140007551-140007551_C>T	1	(2, 1)	0
9:140055781-140055781_C>G	6	(2, 1)	1
9:140777293-140777293_G>A	1	(2, 1)	1
9:4833182-4833182_C>G	0	(1, 0)	1
9:5090566-5090566_G>T	4	(1, 0)	1
9:70176851-70176851_A>G	0	(1, 0)	3
9:79952199-79952199_G>C	1	(1, 0)	1
9:90252946-90252946_A>C	0	(1, 0)	18
9:90746970-90746970_G>-	1	(1, 0)	1
