index	mutation_node_assign	state_0	assignment_0	state_1	assignment_1	gene_name
11:10791776-10791776 A>C	4	(1, 0)	1			CTR9
4:77691923-77691923 G>T	23	(1, 0)	1			SHROOM3
9:135944513-135944513 G>A	0	(2, 1)	1			CEL
9:139101011-139101011 C>T	21	(2, 1)	1			QSOX2
17:61908260-61908260 C>T	0	(2, 1)	1			PSMC5
16:74951860-74951860 C>G	1	(1, 0)	1			WDR59
17:7132546-7132546 G>A	10	(1, 0)	22			DVL2
3:134094068-134094068 C>G	0	(2, 1)	10			AMOTL2
9:5090566-5090566 G>T	4	(1, 0)	1			JAK2
9:138379496-138379496 G>A	0	(2, 1)	1			PPP1R26
16:71663281-71663281 C>T	10	(1, 0)	1			MARVELD3
11:9225447-9225447 G>C	25	(1, 0)	1			DENND5A
3:48336249-48336249 C>G	21	(1, 0)	1			NME6
11:70031751-70031751 G>T	0	(2, 1)	1			ANO1
3:178952085-178952085 A>T	0	(2, 1)	10			PIK3CA
9:90252946-90252946 A>C	0	(1, 0)	18			DAPK1
9:131783492-131783492 C>T	0	(2, 1)	1			SH3GLB2
17:78327456-78327456 G>A	0	(2, 1)	1			RNF213
17:57274963-57274963 A>T	28	(2, 1)	1			PRR11
17:4725176-4725176 G>A	6	(1, 0)	1			PLD2
17:78320993-78320993 T>C	3	(2, 1)	1			RNF213
9:140007551-140007551 C>T	1	(2, 1)	0			DPP7
17:45473259-45473259 G>C	0	(1, 0)	1			EFCAB13
6:152419920-152419920 T>A	0	(1, 0)	1			ESR1
19:58640443-58640443 C>G	0	(2, 1)	0			ZNF329
16:88947822-88947822 C>T	1	(1, 0)	1			CBFA2T3
6:147648306-147648306 C>A	6	(2, 1)	1			STXBP5
9:134350562-134350562 G>A	1	(2, 1)	0			PRRC2B
11:20515483-20515483 G>C	3	(1, 0)	22			PRMT3
9:131832134-131832134 G>A	0	(2, 1)	1			FAM73B
4:79831802-79831802 C>G	1	(1, 0)	1			BMP2K
14:100589934-100589934 G>C	1	(1, 0)	1			EVL
3:151094882-151094882 C>T	0	(2, 1)	10			MED12L
9:134351342-134351342 G>A	1	(2, 1)	0			PRRC2B
3:142234344-142234344 G>C	0	(2, 1)	21			ATR
9:131812120-131812120 G>A	0	(2, 1)	1			FAM73B
19:53573338-53573338 C>G	0	(2, 1)	0			ZNF160
17:1800429-1800429 G>A	3	(1, 0)	22			RPA1
4:26641796-26641796 A>G	21	(1, 0)	1			TBC1D19
9:4833182-4833182 C>G	0	(1, 0)	1			RCL1
9:131812123-131812123 G>A	0	(2, 1)	1			FAM73B
3:172080633-172080633 G>C	0	(2, 1)	10			FNDC3B
6:135300316-135300316 T>C	18	(2, 1)	1			HBS1L
18:56171372-56171372 G>T	22	(1, 0)	0			ALPK2
9:130504185-130504185 G>A	3	(4, 1)	0	(3, 1)	22	SH2D3C
20:56284569-56284569 A>T	15	(0, 0)	10			PMEPA1
11:6477707-6477707 G>A	0	(1, 0)	1			TRIM3
6:107040138-107040138 C>T	18	(6, 0)	4			RTN4IP1
1:109525266-109525266 C>G	1	(2, 1)	6			WDR47
17:1629076-1629076 C>T	23	(1, 0)	1			WDR81
1:1309222-1309222 C>T	18	(1, 0)	4			AURKAIP1
18:43519677-43519677 C>G	22	(1, 0)	0			EPG5
18:670777-670777 G>C	2	(2, 1)	1	(5, 1)	10	TYMS
4:89575261-89575261 G>A	0	(1, 0)	1			HERC3
16:74451970-74451970 G>C	0	(1, 0)	1			CLEC18B
11:67925252-67925252 G>T	1	(2, 1)	0			SUV420H1
17:17030123-17030123 G>C	1	(1, 0)	1			MPRIP
19:50314685-50314685 C>T	14	(2, 1)	0			FUZ
17:260200-260200 C>G	0	(1, 0)	1			C17orf97
18:51898956-51898956 G>C	0	(1, 0)	0			C18orf54
16:55522481-55522481 G>A	0	(2, 1)	1			MMP2
11:65307616-65307616 C>T	0	(2, 1)	0			LTBP3
3:132175528-132175528 G>C	21	(2, 1)	10			DNAJC13
6:109764806-109764806 G>A	18	(4, 1)	0	(3, 1)	4	SMPD2
9:131831393-131831393 G>C	0	(2, 1)	1			FAM73B
14:77861101-77861101 G>A	0	(1, 0)	1			NOXRED1
9:139905698-139905698 C>A	12	(2, 1)	1			ABCA2
14:77808251-77808251 G>A	18	(1, 0)	4			TMED8
16:70597951-70597951 G>C	14	(1, 0)	1			SF3B3
11:8737316-8737316 T>A	10	(1, 0)	22			ST5
3:151095915-151095915 T>G	21	(2, 1)	10			MED12L
4:187539239-187539239 G>C	0	(1, 0)	1			FAT1
6:151243401-151243401 C>T	12	(1, 0)	1			MTHFD1L
9:79952199-79952199 G>C	1	(1, 0)	1			VPS13A
18:46385792-46385792 G>C	18	(1, 0)	4			CTIF
12:130929776-130929776 G>A	6	(2, 1)	0			RIMBP2
9:131811662-131811662 G>A	0	(2, 1)	1			FAM73B
18:61234187-61234187 C>G	0	(1, 0)	0			SERPINB12
4:79832090-79832090 G>A	12	(1, 0)	1			BMP2K
9:140777293-140777293 G>A	1	(2, 1)	1			CACNA1B
4:76911940-76911940 G>C	1	(1, 0)	1			SDAD1
11:8122088-8122088 G>A	2	(1, 0)	1			TUB
9:123550371-123550371 A>C	5	(3, 1)	1	(4, 1)	10	FBXW2
12:125451732-125451732 C>T	0	(2, 1)	0			DHX37
6:112430666-112430666 T>G	5	(6, 0)	1			LAMA4
19:56701539-56701539 G>T	3	(2, 1)	0			ZSCAN5B
9:140055781-140055781 C>G	6	(2, 1)	1			GRIN1
11:64884350-64884350 G>C	0	(2, 1)	0			ZNHIT2
17:62892442-62892442 G>C	0	(1, 0)	1			LRRC37A3
11:406229-406229 C>T	18	(1, 0)	4			SIGIRR
1:12921382-12921382 T>G	0	(1, 0)	1			PRAMEF2
16:67271002-67271002 C>G	0	(1, 0)	1			FHOD1
17:42981462-42981462 G>C	1	(1, 0)	1			CCDC103
17:57274961-57274961 A>G	7	(2, 1)	1			PRR11
9:131812228-131812228 G>C	0	(2, 1)	1			FAM73B
9:114467606-114467606 C>T	18	(1, 0)	4			C9orf84
9:131811718-131811718 G>T	0	(2, 1)	1			FAM73B
17:57274962-57274962 G>T	7	(2, 1)	1			PRR11
1:12887253-12887253 T>C	1	(1, 0)	0			PRAMEF11
19:58319942-58319942 G>T	0	(2, 1)	0			ZNF552
6:112528313-112528313 C>T	0	(5, 1)	1	(6, 0)	20	LAMA4
1:13036736-13036736 T>A	0	(1, 0)	1			LOC391003,PRAMEF22
14:103396822-103396822 G>A	0	(1, 0)	1			AMN
1:12941688-12941688 C>T	0	(1, 0)	1			PRAMEF4
6:151936707-151936707 G>A	18	(1, 0)	4			CCDC170
14:75376785-75376785 G>C	1	(1, 0)	1			RPS6KL1
11:5221406-5221406 A>T	1	(1, 0)	1			OR51V1
19:51170080-51170080 C>A	14	(2, 1)	0			SHANK1
9:133768839-133768839 G>T	0	(2, 1)	1			QRFP
12:124856677-124856677 T>C	3	(2, 1)	0			NCOR2
19:55451145-55451145 C>G	1	(2, 1)	6			NLRP7
1:148005458-148005458 C>T	1	(2, 1)	0			NBPF8
8:6914108-6914108 C>G	6	(0, 0)	10			DEFA5
17:61895745-61895745 G>C	0	(2, 1)	1			DDX42
3:44938204-44938204 G>C	6	(1, 0)	1			TGM4
10:7776914-7776914 G>C	0	(2, 1)	6			ITIH2
11:4976747-4976747 G>A	18	(1, 0)	4			OR51A2
1:240555834-240555834 G>A	10	(0, 0)	22			FMN2
17:10432023-10432023 G>T	21	(1, 0)	1			MYH2
17:16470949-16470949 C>G	1	(1, 0)	1			ZNF287
1:12921365-12921365 A>C	0	(1, 0)	1			PRAMEF2
3:39226412-39226412 G>A	1	(1, 0)	1			XIRP1
16:67270936-67270936 C>T	0	(1, 0)	1			FHOD1
6:160679543-160679543 C>T	18	(1, 0)	4			SLC22A2
9:70176851-70176851 A>G	0	(1, 0)	3			FOXD4L5
17:18025427-18025427 G>A	9	(1, 0)	1			MYO15A
6:127476481-127476481 G>A	8	(5, 1)	1	(2, 0)	10	RSPO3
9:139656282-139656282 C>G	0	(2, 1)	1			LCN15
17:38140694-38140694 C>G	0	(2, 1)	1			PSMD3
16:89350644-89350644 G>C	0	(1, 0)	2			ANKRD11
4:83294767-83294767 G>T	0	(1, 0)	1			HNRNPD
17:38504676-38504676 C>G	17	(1, 0)	1			RARA
17:53037986-53037986 G>C	0	(2, 1)	1			TOM1L1
11:212651-212651 G>T	1	(1, 0)	1			RIC8A
17:61710062-61710062 C>G	0	(2, 1)	1			MAP3K3
1:878288-878288 G>T	0	(1, 0)	1			SAMD11
17:74473789-74473789 C>A	6	(1, 0)	1			RHBDF2
2:18741486-18741486 G>T	23	(0, 0)	10			RDH14
4:167810380-167810380 G>A	0	(1, 0)	1	(0, 0)	20	SPOCK3
1:1290461-1290461 G>T		(1, 0)				MXRA8
9:40773541-40773541 G>T		(1, 0)				ZNF658
18:47812990-47812990 C>G		(1, 0)				CXXC1
19:50363533-50363533 G>C		(2, 1)				PTOV1
9:137990264-137990264 G>C		(2, 1)				OLFM1
9:134049630-134049630 C>T		(2, 1)				NUP214
12:124171474-124171474 G>A		(2, 1)				TCTN2
3:195506389-195506389 C>A		(2, 1)				MUC4
3:184654103-184654103 A>G		(2, 1)				VPS8
18:47810410-47810410 C>T		(1, 0)				CXXC1
17:43181154-43181154 G>C		(1, 0)				NMT1
3:37336550-37336550 C>G		(1, 0)				GOLGA4
3:195506062-195506062 G>T		(2, 1)				MUC4
3:155551659-155551659 C>G		(2, 1)				SLC33A1
11:65977890-65977890 G>A		(2, 1)				PACS1
17:78355435-78355435 A>C		(2, 1)				RNF213
3:37034040-37034040 G>C		(1, 0)				EPM2AIP1
9:125152493-125152493 A>G		(2, 1)				PTGS1
17:36340194-36340194 G>C		(2, 1)				LOC101060321,LOC101060389,LOC102723859,LOC102724862,TBC1D3,TBC1D3C,TBC1D3F,TBC1D3H,TBC1D3K,TBC1D3L
19:58058649-58058649 C>G		(2, 1)				ZNF550
19:58058844-58058844 C>G		(2, 1)				ZNF550
18:72346028-72346028 A>C		(1, 0)				ZNF407
3:195514691-195514691 T>C		(2, 1)				MUC4
12:132562142-132562142 C>G		(2, 1)				EP400
17:6939812-6939812 C>G		(1, 0)				SLC16A13
19:54695264-54695264 G>A		(2, 1)				TSEN34
3:195510228-195510228 C>G		(2, 1)				MUC4
14:91161893-91161893 C>G		(1, 0)				TTC7B
9:138378758-138378758 C>T		(2, 1)				PPP1R26
17:56833693-56833693 C>T		(2, 1)				PPM1E
19:50713809-50713809 C>T		(2, 1)				MYH14
11:66190275-66190275 G>A		(2, 1)				NPAS4
19:53668947-53668947 C>T		(2, 1)				ZNF665
11:801972-801972 G>A		(1, 0)				PIDD1
1:109554133-109554133 C>T		(2, 1)				WDR47
17:79139778-79139778 G>T		(2, 1)				AATK
4:69693096-69693096 C>G		(1, 0)				UGT2B10
18:48512994-48512994 C>G		(1, 0)				ELAC1
18:47809085-47809085 C>T		(1, 0)				CXXC1
17:80356108-80356108 C>G		(2, 1)				OGFOD3
18:21140345-21140345 G>C		(1, 0)				NPC1
17:79769817-79769817 C>G		(2, 1)				GCGR
18:672867-672867 G>A		(5, 1)		(2, 1)		TYMS
9:130117614-130117614 G>A		(4, 1)		(3, 1)		GARNL3
17:61662607-61662607 C>G		(2, 1)				DCAF7
9:133805219-133805219 G>C		(2, 1)				FIBCD1
11:67254531-67254531 G>A		(2, 1)				AIP
16:48396337-48396337 C>T		(4, 1)		(3, 1)		SIAH1
19:58386059-58386059 C>G		(2, 1)				ZNF814
18:32682000-32682000 G>C		(1, 0)				MAPRE2
9:131771027-131771027 A>C		(2, 1)				SH3GLB2
6:111280003-111280003 G>A		(6, 0)				GTF3C6
17:36485537-36485537 C>T		(2, 1)				GPR179
19:56153908-56153908 C>G		(2, 1)				ZNF580
19:56443458-56443458 C>T		(2, 1)				NLRP13
6:139563740-139563740 C>G		(2, 1)				TXLNB
22:50989694-50989694 C>G		(1, 0)				SYCE3
18:31324781-31324781 C>A		(1, 0)				ASXL3
3:195514859-195514859 C>A		(2, 1)				MUC4
6:154749318-154749318 T>A		(1, 0)				CNKSR3
9:135266199-135266199 C>A		(2, 1)				TTF1
6:139165554-139165554 T>G		(2, 1)				ECT2L
3:170723824-170723824 C>G		(2, 1)				SLC2A2
17:36636008-36636008 C>T		(2, 1)				ARHGAP23
17:10397932-10397932 T>G		(1, 0)				MYH1
4:80328502-80328502 A>C		(1, 0)				GK2
19:56320169-56320169 G>C		(2, 1)				NLRP11
17:4863200-4863200 C>G		(1, 0)				SPAG7
14:77873163-77873163 C>T		(1, 0)				NOXRED1
18:44543012-44543012 A>T		(1, 0)				TCEB3CL,TCEB3CL2
3:183777388-183777388 G>A		(2, 1)				HTR3C
1:13183671-13183671 C>A		(1, 0)				HNRNPCL2
1:12907941-12907941 C>A		(1, 0)				HNRNPCL1,HNRNPCL3,HNRNPCL4
11:1629119-1629119 G>C		(1, 0)				KRTAP5-3
19:56220388-56220388 C>T		(2, 1)				NLRP9
1:12954924-12954924 C>T		(1, 0)				PRAMEF4,PRAMEF7
19:55870502-55870502 C>G		(2, 1)				FAM71E2
17:45507321-45507321 G>A		(1, 0)				EFCAB13
4:52936015-52936015 G>C		(1, 0)				SPATA18
10:3143171-3143171 T>A		(2, 1)				PFKP
10:5957430-5957430 T>G		(2, 1)				FBXO18
17:75190826-75190826 G>A		(2, 1)				SEC14L1
11:18636556-18636556 G>C		(1, 0)				SPTY2D1
11:18636925-18636925 G>C		(1, 0)				SPTY2D1
16:53698788-53698788 C>A		(1, 0)				RPGRIP1L
18:33840016-33840016 G>T		(1, 0)				MOCOS
11:26588610-26588610 G>C		(1, 0)				MUC15
